web_scraper_order,Address_raw,Rooms,Area,Rent
1763742793-844,"Baurstrasse 29, 8008 Zürich",1.0,23.0,990.0
1763742793-846,"Imbisbühlstrasse 120, 8049 Zürich",2.5,74.0,1850.0
1763742793-847,"Mühlebachstrasse 121, 8008 Zürich",3.5,94.0,5490.0
1763742793-849,"Josefstrasse 23, 8005 Zürich",3.5,101.0,4075.0
1763742793-850,"Josefstrasse 23, 8005 Zürich",3.5,101.0,4095.0
1763742793-851,"Spiserstrasse 4, 8047 Zürich",2.5,63.0,3060.0
1763742793-854,"Ottikerstrasse, 8006 Zürich",2.5,87.0,3510.0
1763742793-855,"Forsterstrasse, 8044 Zürich",2.0,47.0,2600.0
1763742793-856,"Akazienstr. 2, 8008 Zürich",2.5,72.0,3225.0
1763742793-857,"Seefeldstr. 96, 8008 Zürich",3.5,88.0,3536.0
1763742793-858,"Wilfriedstrasse 7, 8032 Zürich",2.5,100.0,2900.0
1763742797-879,"Ferdinand Hodler-Strasse 24, 8049 Zürich",4.5,79.0,2440.0
1763742797-880,"Wehrlisteig 21, 8049 Zürich",4.5,153.0,4900.0
1763742797-882,"Pfirsichstrasse 7, 8006 Zürich",3.0,68.0,3150.0
1763742797-883,"Eggbühlstrasse 1, 8050 Zürich",2.5,72.0,3045.0
1763742797-884,"Universitätstrasse 33, 8006 Zürich",4.5,121.0,5230.0
1763742797-885,"Furttalstrasse 3, 8046 Zürich",2.5,76.0,2630.0
1763742797-886,"Furttalstrasse 3, 8046 Zürich",3.5,87.0,3515.0
1763742797-887,"Furttalstrasse 3, 8046 Zürich",2.5,78.0,3175.0
1763742797-888,"Furttalstrasse 3, 8046 Zürich",3.5,83.0,3020.0
1763742797-892,"Haumesserstrasse 17, 8038 Zürich",7.0,230.0,6900.0
1763742797-893,"Kilchbergstrasse 125, 8038 Zürich",2.5,64.0,2899.0
1763742797-894,"Wehntalerstrasse 296, 8046 Zürich",3.0,70.0,2100.0
1763742797-898,"Klosbachstrasse 10, 8032 Zürich",1.5,40.0,1650.0
1763742800-919,"Baslerstrasse 75, 8048 Zürich",3.0,88.0,3244.0
1763742800-920,"Tuchmacherstrasse 34, 8041 Zürich",2.5,75.0,2410.0
1763742800-921,"Gotthelfstrasse 48, 8003 Zürich",3.0,64.0,2990.0
1763742800-922,"Freilagerstrasse 5, 8047 Zürich",2.5,63.0,2690.0
1763742800-923,"Welchogasse 5, 8050 Zürich",2.5,72.0,2320.0
1763742800-924,"Feldstrasse 62, 8004 Zürich",3.5,67.0,3980.0
1763742800-925,"Feldstrasse 62, 8004 Zürich",3.0,75.0,4180.0
1763742800-926,"Gotthelfstrasse, 8003 Zürich",1.0,50.0,3145.0
1763742800-927,"Renggerstrasse 3, 8038 Zürich",3.5,112.0,6370.0
1763742800-928,"Renggerstrasse 3, 8038 Zürich",2.5,68.0,4530.0
1763742800-929,"Rolandstrasse 27, 8004 Zürich",2.5,46.0,2460.0
1763742800-930,"Toblerstrasse 76, 8044 Zürich",5.0,157.0,6150.0
1763742800-931,"Holderbachweg 61, 8046 Zürich",2.5,52.0,2520.0
1763742800-932,"Seestrasse 25, 8002 Zürich",2.5,67.0,3720.0
1763742800-933,"Eichhalde 23, 8053 Zürich",3.5,105.0,3930.0
1763742800-934,"Winterthurerstrasse 86, 8006 Zürich",5.0,126.0,3795.0
1763742800-935,"Rössligasse 9, 8001 Zürich",3.5,80.0,3250.0
1763742803-960,"Spiserstrasse 4, 8047 Zürich",3.5,108.0,4365.0
1763742803-962,"Auf Anfrage 1, 8004 Zürich",2.0,24.0,2350.0
1763742803-963,"Benedikt - Fontana - Weg 6, 8049 Zürich",1.5,50.0,1750.0
1763742803-964,"Susenbergstr. 144, 8044 Zürich",3.5,88.0,3225.0
1763742803-965,"Butzenstrasse 130, 8041 Zürich",3.5,100.0,3523.0
1763742803-966,"Genossenschaftsstrasse 16, 8050 Zürich",6.5,151.0,2913.0
1763742803-967,"Im Heuried, 8055 Zürich",2.0,48.0,2150.0
1763742803-968,"Käshaldenstrasse 11, 8052 Seebach",1.5,45.0,1850.0
1763742803-969,"Herrligstrasse 7, 8048 Zürich",4.5,98.0,4210.0
1763742803-970,"Spiserstrasse 4, 8047 Zürich",2.0,50.0,2565.0
1763742803-971,"Im Tiergarten 37, 8055 Zürich",2.5,71.0,2690.0
1763742803-973,"Leutschenbachstrasse 40, 8050 Zürich",4.5,114.0,4350.0
1763742803-974,"Im Tiergarten 25, 8055 Zürich",2.5,83.0,2350.0
1763742803-975,"Nordstrasse 356, 8037 Zürich",2.0,46.0,2450.0
1763742803-976,"Nordstrasse 356, 8037 Zürich",3.0,62.0,3050.0
1763742803-977,"Gertrudstr. 35, 8003 Zürich",4.0,74.0,3300.0
1763742803-978,"Zelgstr. 6, 8003 Zürich",3.0,68.0,3095.0
1763742806-999,"Riedhofstrasse 260, 8049 Zürich",2.0,55.0,1898.0
1763742806-1000,"Berghaldenstr. 62, 8053 Zürich",3.5,90.0,2390.0
1763742806-1001,"Turbinenstrasse 50, 8005 Zürich",2.5,71.0,2850.0
1763742806-1002,"Moosstrasse, 8038 Zürich",1.5,32.0,1830.0
1763742806-1003,"Küngenmatt 11, 8055 Zürich",2.0,54.0,1990.0
1763742806-1004,"Wehntalerstrasse 571, 8046 Zürich",3.5,92.0,3150.0
1763742806-1006,8046 Zürich,4.5,135.0,4630.0
1763742806-1007,8046 Zürich,3.5,112.0,2710.0
1763742806-1008,"Rennweg 18, 8001 Zürich",3.5,78.0,4460.0
1763742806-1009,"Flurstrasse 15, 8048 Zürich",1.5,44.0,1700.0
1763742806-1010,"Friedackerstrasse 7, 8050 Zürich",1.0,19.0,1590.0
1763742806-1011,"Eidmattstrasse, 8032 Zürich",4.0,97.0,4436.0
1763742806-1012,"Technoparkstrasse 8, 8005 Zürich",1.5,130.0,3800.0
1763742806-1014,"Limmattalstrasse 275, 8049 Zürich",3.5,,4400.0
1763742806-1015,"Spiserstrasse 10, 8047 Zürich",3.5,96.0,3490.0
1763742806-1016,"Widmerstrasse 73d, 8038 Zürich",2.5,58.0,2424.0
1763742809-1039,"Wiesliacher 89, 8053 Zürich",4.5,112.0,2464.0
1763742809-1040,"Buchzelgstrasse 50, 8053 Zürich",3.5,95.0,3990.0
1763742809-1043,"Bederstr. 101, 8002 Zürich",2.5,51.0,2360.0
1763742809-1044,"Josefstr. 129, 8005 Zürich",3.0,66.0,3280.0
1763742809-1045,"Sumatrastrasse 1, 8006 Zürich",2.0,59.0,2590.0
1763742809-1046,"Langstrasse 133, 8004 Zürich",2.0,57.0,2150.0
1763742809-1047,"Manessestrasse 6, 8003 Zürich",3.0,83.0,2990.0
1763742809-1048,"Hohlstrasse 365, 8004 Zürich",3.5,90.0,3440.0
1763742809-1049,"Freilagerstrasse 11, 8047 Zürich",2.5,48.0,2450.0
1763742809-1050,8045 Zürich,2.5,84.0,3300.0
1763742809-1051,"Hofwiesenstrasse 207, 8057 Zürich",1.5,45.0,2140.0
1763742809-1052,"Moussonstrasse 2, 8044 Zürich",6.5,184.0,8151.0
1763742809-1053,"Engweg 7, 8006 Zürich",4.5,136.0,6700.0
1763742809-1054,"Köschenrüti 57, 8052 Zürich",4.0,66.0,1982.0
1763742809-1055,"Stoffelstrasse 8, 8052 Zürich",2.5,52.0,2780.0
1763742809-1056,"Etzelstrasse 20, 8038 Zürich",4.5,120.0,5150.0
1763742809-1057,"Dufourstrasse 61, 8008 Zürich",3.5,102.0,5000.0
1763742809-1058,"Schaffhauserstrasse 556, 8052 Zürich",3.5,,2318.0
1763742812-1079,"Wartauweg 19, 8049 Zürich",3.5,85.0,4190.0
1763742812-1080,"Wartauweg 19, 8049 Zürich",3.5,87.0,3690.0
1763742812-1081,"Im Tiergarten 19, 8055 Zürich",3.0,83.0,2075.0
1763742812-1082,"Brauerstrasse, 8004 Zürich",1.0,12.0,1600.0
1763742812-1083,"Götzstrasse 16, 8006 Zürich",3.5,83.0,3550.0
1763742812-1084,"Hellmutstr 6c, 8004 Zürich",3.5,90.0,2800.0
1763742812-1085,"Renggerstrasse 3, 8038 Zürich",3.5,93.0,4660.0
1763742812-1086,"Frankengasse 25, 8001 Zürich",5.5,108.0,5685.0
1763742812-1092,"Baurstrasse 29, 8008 Zürich",1.0,25.0,3490.0
1763742812-1094,"Bachmattstrasse 4, 8048 Zürich",3.0,,2006.0
1763742812-1096,"Horneggstrasse 4, 8008 Zürich",3.5,92.0,3890.0
1763742812-1097,"Freilagerstrasse 11, 8047 Zürich",3.5,96.0,3490.0
1763742812-1098,"Felsberg 2, 8052 Zürich",3.5,70.0,2290.0
1763742815-1119,"Flüelastr. 13, 8048 Zürich",4.5,100.0,2510.0
1763742815-1120,"Witikonerstrasse 241, 8053 Zürich",2.0,44.0,2050.0
1763742815-1121,"Geranienstrasse 12, 8008 Zürich",3.5,70.0,6790.0
1763742815-1123,"Geranienstrasse 14, 8008 Zürich",3.5,70.0,7490.0
1763742815-1125,"Turbinenstrasse 24, 8005 Zürich",3.5,107.0,4100.0
1763742815-1126,"Gustav-Gull-Platz 4, 8004 Zürich",3.5,,7990.0
1763742815-1128,"Röschibachstrasse 22, 8037 Zürich",4.5,120.0,6790.0
1763742815-1129,"Röschibachstrasse 22, 8037 Zürich",4.5,120.0,6790.0
1763742815-1131,"Richard Wagner-Strasse 16, 8002 Zürich",6.5,152.0,6480.0
1763742815-1132,"Greifenseestrasse 38, 8050 Zürich",3.5,94.0,4590.0
1763742815-1134,"Auhofstrasse 5, 8051 Zürich",3.0,92.0,2520.0
1763742815-1135,"Hohlstrasse 30, 8004 Zürich",1.5,44.0,1850.0
1763742815-1136,"Feusisbergli 14, 8048 Zürich",4.5,110.0,4800.0
1763742815-1137,"Witikonerstrasse 489, 8053 Zürich",3.5,68.0,2075.0
1763742815-1138,"Dahliastrasse 9, 8008 Zürich",3.5,76.0,5490.0
1763742818-1159,8050 Zürich,4.5,,
1763742818-1160,8050 Zürich,3.5,,
1763742818-1164,8048 Zürich,3.5,,3067.0
1763742818-1165,"Bellariastrasse 36, 8002 Zürich",2.5,63.0,2993.0
1763742818-1166,"Bremgartnerstrasse 35, 8003 Zürich",2.0,,2390.0
1763742818-1167,"Sempacherstrasse 75, 8032 Zürich",4.0,90.0,3300.0
1763742818-1168,"Steinhaldenstr. 54, 8002 Zürich",2.5,64.0,3100.0
1763742818-1170,"Marienstrasse 20, 8003 Zürich",2.0,45.0,2086.0
1763742818-1171,"Spiserstrasse 6, 8047 Zürich",2.5,61.0,2960.0
1763742818-1172,"Gustav-Gull-Platz 11, 8004 Zürich",4.5,,5100.0
1763742818-1173,"Europaallee 35, 8004 Zürich",3.5,,5355.0
1763742818-1174,"Robert-Stephenson-Weg 55, 8004 Zürich",5.0,141.0,5917.0
1763742818-1175,"Lindenstrasse 41, 8008 Zürich",4.0,101.0,4690.0
1763742818-1176,"Brunnenhofstrasse 7, 8057 Zürich",1.5,32.0,1340.0
1763742818-1177,"Schaffhauserstrasse 85, 8057 Zürich",4.0,94.0,3498.0
1763742818-1178,"Schaffhauserstrasse 615, 8052 Zürich",3.5,87.0,2610.0
1763742821-1199,"Stampfenbrunnenstrasse 43, 8048 Zürich",4.5,,3230.0
1763742821-1200,"Imbisbühlstrasse 162, 8049 Zürich",3.0,50.0,1388.0
1763742821-1201,8032 Zürich,3.0,71.0,3800.0
1763742821-1202,"Eichrainstrasse, 8052 Seebach",2.5,95.0,3800.0
1763742821-1204,"Michael-Maggi-Strasse 22, 8046 Zürich",3.5,117.0,3500.0
1763742821-1205,"Köschenrütistrasse 20, 8052 Zürich",7.5,174.0,5160.0
1763742821-1206,8000 Zürich,2.5,90.0,2500.0
1763742821-1207,"Lessingstrasse 45, 8002 Zürich",2.5,55.0,2000.0
1763742821-1208,"Austrasse 56, 8045 Zürich",2.5,58.0,3085.0
1763742821-1209,"Eidmattstrasse 38, 8032 Zürich",2.5,70.0,5900.0
1763742821-1211,"Seefeldstrasse 45, 8008 Zürich",2.0,60.0,6290.0
1763742821-1212,"Baurstrasse 29, 8008 Zürich",2.0,60.0,6790.0
1763742821-1214,"Hagenholzstr. 86, 8050 Zürich",3.5,102.0,2734.0
1763742821-1215,"Universitätstrasse 41, 8006 Zürich",4.5,120.0,8990.0
1763742821-1216,"Engweg 8, 8006 Zürich",4.5,140.0,9290.0
1763742821-1217,"Helenastrasse 11, 8008 Zürich",3.0,78.0,5190.0
1763742821-1218,"Spindelstrasse 16, 8041 Zürich",4.5,120.0,7590.0
1763742825-1239,"Schaffhauserstrasse 167, 8057 Zürich",2.0,53.0,2810.0
1763742825-1240,"Witikonerstrasse 482, 8053 Zürich",3.5,102.0,3790.0
1763742825-1241,"Bergellerstrasse 32, 8049 Zürich",3.5,69.0,2840.0
1763742825-1242,8008 Zürich,4.5,108.0,3490.0
1763742825-1243,"Altstetterstrasse 176, 8048 Zürich",1.0,36.0,1850.0
1763742825-1245,"Schwandenwiesen 27, 8052 Zürich",4.0,66.0,1982.0
1763742825-1246,"Letzistrasse 11, 8006 Zürich",6.0,112.0,4720.0
1763742825-1247,"Buchzelgstrasse 62, 8053 Zürich",3.0,75.0,2180.0
1763742825-1248,"Wehntalerstrasse, 8046 Zürich",2.0,54.0,2450.0
1763742825-1249,"Zinnengasse 2/4, 8001 Zürich",2.5,,3359.0
1763742825-1250,"Witikonerstr. 15, 8032 Zürich",2.5,64.0,3392.0
1763742825-1251,"Wehrenbachhalde 47, 8053 Zürich",6.5,160.0,4300.0
1763742825-1252,"Reinhold-Frei-Strasse 21, 8049 Zürich",2.5,52.0,2170.0
1763742825-1253,"Breitenlooweg 10, 8047 Zürich",2.5,55.0,2296.0
1763742825-1255,"Zeughausstrasse 3, 8004 Zürich",2.5,,2970.0
1763742825-1256,"Soodstrasse 90, 8041 Zürich",3.5,82.0,2746.0
1763742825-1257,"Soodstrasse 90, 8041 Zürich",3.5,82.0,2677.0
1763742825-1258,"Soodstrasse 90, 8041 Zürich",1.5,59.0,2256.0
1763742828-1279,8004 Zürich,4.0,,4364.0
1763742828-1280,"Herrligstrasse 36, 8048 Zürich",3.0,57.0,2350.0
1763742828-1281,"Mühlebachstrasse 204, 8008 Zürich",5.0,125.0,2200.0
1763742828-1282,"Klausstrasse 49, 8008 Zürich",2.5,70.0,3180.0
1763742828-1283,8032 Zürich,4.5,,5825.0
1763742828-1284,"Wengistrasse 31, 8004 Zürich",1.5,83.0,2890.0
1763742828-1285,"Hardturmstr. 5, 8005 Zürich",5.5,251.0,11370.0
1763742828-1286,"Albisstrasse 170, 8038 Zürich",3.0,67.0,2450.0
1763742828-1287,8049 Zürich,3.5,69.0,2600.0
1763742828-1288,"Saumackerstrasse 2, 8048 Zürich",4.0,,2750.0
1763742828-1289,"Holderbachweg 8, 8046 Zürich",4.5,103.0,3050.0
1763742828-1290,"Birmensdorferstrasse 485, 8055 Zürich",1.0,71.0,3510.0
1763742828-1291,"Birmensdorferstrasse 485, 8055 Zürich",1.0,60.0,2940.0
1763742828-1292,"Birmensdorferstrasse 485, 8055 Zürich",1.0,60.0,2670.0
1763742828-1293,"Birmensdorferstrasse 485, 8055 Zürich",1.0,71.0,3160.0
1763742828-1294,"Birmensdorferstrasse 483, 8055 Zürich",2.0,67.0,2670.0
1763742828-1295,"Weidmannstrasse 15, 8046 Zürich",4.5,115.0,3900.0
1763742828-1296,"Rüdigerstrasse 4, 8045 Zürich",3.5,100.0,4080.0
1763742828-1297,"Flurstrasse 53, 8048 Zürich",2.5,45.0,1484.0
1763742828-1298,"Flurstrasse 53, 8048 Zürich",2.5,55.0,1600.0
1763742831-1319,"Müllerstrasse 93, 8004 Zürich",3.0,64.0,2625.0
1763742831-1320,"Baumackerstrasse 9, 8050 Oerlikon",3.5,83.0,3510.0
1763742831-1321,"Schaffhauserstrasse 273, 8057 Zürich",1.5,28.0,1600.0
1763742831-1323,"Leutschenbachstrasse 46, 8050 Zürich",2.5,59.0,2490.0
1763742831-1324,"Hegianwandweg 102, 8045 Zürich",3.5,81.0,3670.0
1763742831-1325,"Hegianwandweg 102, 8045 Zürich",2.5,63.0,2845.0
1763742831-1326,"Hegianwandweg 102, 8045 Zürich",4.5,102.0,4670.0
1763742831-1327,"Burstwiesenstrasse 19, 8055 Zürich",2.5,59.0,2230.0
1763742831-1328,"Dübendorfstrasse 311, 8051 Zürich",4.5,119.0,3520.0
1763742831-1329,"Hildastrasse 7, 8004 Zürich",1.0,,1390.0
1763742831-1330,"Leutschenbachstrasse 42N, 8050 Zürich",4.5,138.0,4750.0
1763742831-1332,"Dübendorfstrasse 311, 8051 Zürich",4.5,103.0,3320.0
1763742831-1333,"Kirchenfeld 59, 8052 Zürich",2.5,58.0,2400.0
1763742831-1334,"Dübendorfstrasse 311, 8051 Zürich",4.5,124.0,5200.0
1763742831-1335,"Dübendorfstrasse 311, 8051 Zürich",2.5,51.0,2260.0
1763742831-1336,"Bergellerstrasse 32, 8049 Zürich",2.5,62.0,2440.0
1763742831-1337,"Dübendorfstrasse 311, 8051 Zürich",3.5,84.0,2850.0
1763742831-1338,"Florastrasse 55, 8008 Zürich",3.5,75.0,2850.0
1763742834-1359,"Bauherrenstrasse 32, 8049 Zürich",3.0,89.0,3000.0
1763742834-1362,"Spiserstrasse 12, 8047 Zürich",4.5,108.0,4150.0
1763742834-1363,"Uetlibergstrasse 78, 8045 Zürich",1.5,29.0,2090.0
1763742834-1364,"Bühlwiesenstrasse 1, 8052 Seebach",3.0,68.0,1980.0
1763742834-1365,"Birmensdorferstrasse 481, 8055 Zürich",2.5,66.0,2730.0
1763742834-1366,"Albisriederstr. 170, 8003 Zürich",2.5,55.0,2225.0
1763742834-1367,"Widmerstrasse 73b, 8038 Zürich",2.5,74.0,3165.0
1763742834-1368,"Letzistrasse 13A, 8006 Zürich",2.5,54.0,2505.0
1763742834-1369,"Bienenstrasse 5, 8004 Zürich",3.5,73.0,2950.0
1763742834-1370,"Ferdinand Hodler-Str. 26, 8049 Zürich",4.5,79.0,2405.0
1763742834-1371,"Hürstringstrasse 23, 8046 Zürich",4.5,100.0,4400.0
1763742834-1373,"Limmattalstrasse 404/406, 8049 Zürich",2.5,57.0,2165.0
1763742834-1374,"Limmattalstrasse 404/406, 8049 Zürich",3.5,98.0,3265.0
1763742834-1375,"Limmattalstrasse 404/406, 8049 Zürich",4.5,112.0,3795.0
1763742834-1376,"Jungstrasse 8, 8050 Zürich",4.0,102.0,3500.0
1763742834-1377,"Zürichbergstrasse 46, 8044 Zürich",1.0,29.0,1575.0
1763742834-1378,"Schoffelgasse 7, 8001 Zürich",2.5,,2893.0
1763742838-1399,"Wehntalerstr. 521, 8046 Zürich",2.0,55.0,1400.0
1763742838-1400,"Freudenbergstrasse 15, 8044 Zürich",3.5,169.0,6700.0
1763742838-1401,"Käferholzstr. 60, 8057 Zürich",4.5,118.0,4140.0
1763742838-1402,8032 Zürich,3.5,,4450.0
1763742838-1403,"Herrligstrasse 7, 8048 Zürich",1.5,36.0,1970.0
1763742838-1404,"Luegislandstrasse 350, 8051 Zürich",3.5,92.0,3790.0
1763742838-1406,"Schaffhauserstrasse 282, 8057 Zürich",1.5,40.0,2150.0
1763742838-1407,"Langensteinenstrasse 4, 8057 Zürich",2.0,47.0,2180.0
1763742838-1408,"Wartauweg 19, 8049 Zürich",1.5,28.0,1940.0
1763742838-1409,"Mattengasse 16, 8005 Zürich",3.0,,
1763742838-1410,"Bergstrasse 5, 8044 Zürich",5.5,190.0,5870.0
1763742838-1411,"Kreuzstrasse 78, 8032 Zürich",4.5,90.0,4870.0
1763742838-1412,"Scheffelstrasse 11, 8037 Zürich",3.5,80.0,3650.0
1763742838-1413,8057 Zürich,3.5,104.0,4400.0
1763742838-1414,"Sempacherstrasse, 8032 Zürich",4.0,120.0,3855.0
1763742838-1415,"Nebelbachstrasse 9, 8008 Zürich",1.5,80.0,2612.0
1763742838-1417,8047 Zürich,3.5,,3650.0
1763742838-1418,"Auhofstrasse 2, 8051 Zürich",4.5,119.0,3750.0
1763742844-1439,"Hardstrasse 236/238, 8005 Zürich",2.0,80.0,3368.0
1763742844-1440,"Gerechtigkeitsgasse 8, 8001 Zürich",1.0,40.0,4676.0
1763742844-1441,"Gerechtigkeitsgasse 8, 8001 Zürich",1.0,24.0,3259.0
1763742844-1442,"Cramerstrasse 8-12, 8004 Zürich",1.0,14.0,2169.0
1763742844-1443,"Imbisbühlstrasse 117, 8049 Zürich",2.5,75.0,2255.0
1763742844-1444,"Cramerstrasse 2-6, 8004 Zürich",2.0,46.0,4458.0
1763742844-1445,"Binzmühlestr. 48, 8050 Zürich",2.0,80.0,4676.0
1763742844-1446,"Binzmühlestr. 46, 8050 Zürich",1.0,15.0,2060.0
1763742844-1447,"Bellariastrasse 36, 8002 Zürich",1.0,30.0,4349.0
1763742844-1448,"Bellariastrasse 36, 8002 Zürich",1.0,44.0,3902.0
1763742844-1449,"Bellariastrasse 36, 8002 Zürich",2.0,86.0,6649.0
1763742844-1450,"Bellariastrasse 36, 8002 Zürich",1.0,44.0,4349.0
1763742844-1451,"Albertstrasse 7, 8005 Zürich",1.0,22.0,2657.0
1763742844-1452,"Freilagerstrasse 5, 8047 Zürich",3.5,87.0,3450.0
1763742844-1454,"Gartendörfliweg 4, 8048 Zürich",5.5,150.0,2500.0
1763742844-1455,"Schaffhauserstrasse 230 A, 8057 Zürich",2.5,64.0,2450.0
1763742844-1456,"Toblerstrasse 6, 8044 Zürich",3.0,91.0,3222.0
1763742844-1457,"Turbinenstrasse 35, 8005 Zürich",2.5,58.0,2460.0
1763742844-1458,"Seestrasse 261, 8038 Zürich",4.5,213.0,7960.0
1763742847-1479,"Sihlweidstrasse 12, 8041 Zürich",3.5,85.0,1990.0
1763742847-1480,"Talchernsteig 1, 8049 Zürich",4.5,128.0,5577.0
1763742847-1481,8057 Oerlikon,5.5,114.0,1890.0
1763742847-1482,8057 Oerlikon,4.5,98.0,1790.0
1763742847-1483,8057 Oerlikon,3.5,75.0,1590.0
1763742847-1484,8057 Oerlikon,2.5,55.0,1390.0
1763742847-1485,8057 Oerlikon,4.5,98.0,1490.0
1763742847-1486,8057 Oerlikon,5.5,114.0,1690.0
1763742847-1487,"Scheuchzerstrasse 8, 8006 Zürich",5.5,,4000.0
1763742847-1488,"Hungerbergstr. 27, 8046 Zürich",1.5,41.0,1840.0
1763742847-1489,"Hallwylstr. 73, 8004 Zürich",1.5,,1980.0
1763742847-1490,"Brahmsstrasse 12, 8003 Zürich",2.0,60.0,1990.0
1763742847-1491,"Hohlstrasse 104, 8004 Zürich",2.5,49.0,2835.0
1763742847-1492,"Dufourstrasse 32, 8008 Zürich",2.0,57.0,3100.0
1763742847-1493,"Leutschenbachstrasse 77, 8050 Zürich",3.5,82.0,2980.0
1763742847-1494,"Gräbligasse 12, 8001 Zürich",3.5,70.0,3825.0
1763742847-1495,"Gräbligasse 12, 8001 Zürich",3.5,72.0,3690.0
1763742847-1496,"Balberstrasse 74, 8038 Zürich",4.0,67.0,
1763742847-1497,8046 Zürich,5.0,100.0,3290.0
1763742847-1498,"Rotachstrasse 33, 8003 Zürich",1.0,14.0,2060.0
1763742851-1519,"Hönggerstrasse 40, 8037 Zürich",2.5,55.0,3900.0
1763742851-1520,"Regensdorferstr. 72, 8049 Zürich",2.5,77.0,2930.0
1763742851-1521,"Riedhofstrasse 378, 8049 Zürich",1.5,52.0,1890.0
1763742851-1523,"Spindelstrasse 15, 8041 Zürich",4.5,135.0,4460.0
1763742851-1524,"Im Walder 4/6/8, 8008 Zürich",2.0,51.0,1916.0
1763742851-1525,"Blumenweg 14, 8008 Zürich",4.5,88.0,3500.0
1763742851-1527,"Meierwiesenstrasse 56, 8064 Zürich",1.5,38.0,1650.0
1763742851-1528,"Dachslernstrasse 91, 8048 Zürich",1.0,20.0,1470.0
1763742851-1529,"Nordstrasse 249, 8037 Zürich",3.5,72.0,1850.0
1763742851-1530,"Albisriederstr. 172, 8003 Zürich",3.5,90.0,3120.0
1763742851-1531,"Hagenholzstr. 55, 8050 Zürich",4.5,152.0,6205.0
1763742851-1532,"Aemtlerstrasse 186, 8003 Zürich",2.5,57.0,2618.0
1763742851-1533,"Luchswiesenstrasse 220, 8051 Zürich",1.0,,1450.0
1763742851-1534,"Giebeleich 12, 8052 Zurich",4.5,95.0,3775.0
1763742851-1535,"Augustinergasse 17, 8001 Zürich",3.0,100.0,4200.0
1763742851-1536,"Plattenstr. 34, 8032 Zürich",5.5,138.0,5720.0
1763742851-1537,"Heinrich-Federer-Strasse 4, 8038 Zürich",2.5,52.0,2600.0
1763742851-1538,"Stampfenbachstrasse 68, 8006 Zürich",2.5,54.0,2810.0
1763742854-1559,"Schaffhauserstrasse 306, 8050 Zürich",2.0,47.0,1730.0
1763742854-1560,"Zentralstrasse 37, 8003 Zürich",2.5,85.0,6590.0
1763742854-1561,"Kreis 11, 8052 Zürich",1.0,15.0,1400.0
1763742854-1562,"Kelchweg 3, 8048 Zurich",2.5,60.0,2310.0
1763742854-1563,"Hohlstrasse 100, 8004 Zürich",1.5,39.0,1952.0
1763742854-1564,"Schärenmoosstrasse 76, 8052 Seebach",2.5,70.0,3005.0
1763742854-1565,"Albisriederstr. 172, 8003 Zürich",3.5,99.0,3450.0
1763742854-1566,"Schulhaustr. 15, 8002 Zürich",3.5,65.0,3290.0
1763742854-1567,"Auf Anfrage 1, 8004 Zürich",1.5,20.0,2150.0
1763742854-1568,"Robert-Seidel-Hof 5, 8048 Zürich",1.0,28.0,1450.0
1763742854-1569,"Bläsistr. 3, 8049 Zürich",3.5,,2070.0
1763742854-1570,"Libellenweg 12, 8048 Zürich",2.5,64.0,2720.0
1763742854-1571,"Köchlistrasse 10, 8004 Zürich",2.0,53.0,2540.0
1763742854-1572,"Gubelhangstrasse 24, 8050 Zürich",3.0,80.0,2200.0
1763742854-1573,"Flüelastr. 15, 8048 Zürich",3.5,82.0,2270.0
1763742854-1574,"Breitingerstr. 17, 8002 Zürich",3.0,70.0,2865.0
1763742854-1575,"Alfred Escherstr. 66, 8002 Zürich",2.5,73.0,3490.0
1763742854-1576,"Jungholzstrasse 48, 8050 Zürich",3.5,91.0,3447.0
1763742854-1578,"Hönggerstrasse 40, 8037 Zürich",2.5,55.0,3900.0
1763742857-1599,"Stampfenbachstrasse 142, 8006 Zürich",3.5,,3265.0
1763742857-1600,"Bahnhaldenstrasse 31, 8052 Zürich",2.5,60.0,2710.0
1763742857-1601,"Naphtastrasse, 8005 Zürich",3.5,95.0,4250.0
1763742857-1602,"Wydäckerring 61, 8047 Zürich",1.0,34.0,1865.0
1763742857-1603,"Böcklinstrasse 39, 8032 Zürich",5.5,129.0,5700.0
1763742857-1604,"Altstetterstrasse 224, 8048 Zürich",3.5,92.0,2960.0
1763742857-1605,"Speerstrasse 50, 8038 Zürich",1.0,,1222.0
1763742857-1606,"Maneggstrasse 83, 8041 Zürich",2.5,62.0,2500.0
1763742857-1607,"Maneggstrasse 87, 8041 Zürich",2.5,62.0,2500.0
1763742857-1608,"Maneggstrasse 83, 8041 Zürich",4.5,114.0,4330.0
1763742857-1609,"Bremgartnerstr. 7, 8003 Zürich",3.5,66.0,3150.0
1763742857-1610,"Bellerivestrasse 187, 8008 Zürich",2.0,64.0,2680.0
1763742857-1611,"Felsenstrasse 12a, 8008 Zürich",4.5,90.0,3355.0
1763742857-1612,"Zypressenstrasse 142, 8004 Zürich",1.5,50.0,1970.0
1763742857-1613,"Birchstrasse 98, 8050 Zürich",1.0,63.0,2717.0
1763742857-1614,"Wiesliacher 83, 8053 Zürich",3.5,98.0,2023.0
1763742857-1615,"Schlüsselgasse 4, 8001 Zürich",1.5,61.0,3200.0
1763742857-1616,"Stationsstrasse 6, 8003 Zürich",3.0,67.0,2765.0
1763742857-1617,"Bäulistrasse 15, 8049 Zurich",2.5,60.0,2690.0
1763742857-1618,"Riedenhaldenstrasse 268b, 8046 Zürich",2.5,62.0,2090.0
1763742860-1639,"Künzlistrasse 5, 8057 Zürich",1.5,33.0,2030.0
1763742860-1640,8005 Zürich,3.5,102.0,4060.0
1763742860-1642,8049 Zürich,2.0,,1526.0
1763742860-1643,"Hohlstrasse, 8004 Zürich",3.5,88.0,2500.0
1763742860-1644,"Schumacherweg, 8046 Zürich",3.0,,1880.0
1763742860-1645,8008 Zürich,3.5,95.0,4083.0
1763742860-1646,"Winzerhalde 28, 8049 Zürich",3.5,81.0,2290.0
1763742860-1647,"Ferdinand-Hodler-Strasse 7, 8049 Zürich",4.5,136.0,2550.0
1763742860-1648,"Strehlgasse 7, 8001 Zürich",6.5,,6000.0
1763742860-1649,"Bodmerstrasse, 8002 Zürich",3.5,130.0,3942.0
1763742860-1651,"Irchelstr. 2, 8057 Zürich",2.5,70.0,3000.0
1763742860-1652,"Uetlibergstrasse 3, 8045 Zürich",3.0,,2400.0
1763742860-1653,"Künzlistrasse 5, 8057 Zürich",1.5,33.0,2030.0
1763742860-1654,"Künzlistrasse 5, 8057 Zürich",1.5,27.0,1980.0
1763742860-1655,"Seestrasse 412, 8038 Zürich",3.5,85.0,3560.0
1763742860-1656,"Forchstrasse 315, 8008 Zürich",2.0,50.0,3200.0
1763742860-1658,"Rieterstrasse, 8002 Zürich",1.0,30.0,1700.0
1763742863-1679,"Im Glockenacker 68, 8053 Zürich",2.5,45.0,1900.0
1763742863-1680,"Erlenstrasse 25, 8048 Zürich",3.0,60.0,1975.0
1763742863-1681,"Soldanellastrasse 3, 8048 Zürich",2.5,59.0,2800.0
1763742863-1683,"Hadlaubstrasse 123, 8006 Zürich",5.5,130.0,4890.0
1763742863-1684,8052 Zürich,5.5,179.0,6590.0
1763742863-1685,"Im Tiergarten 6c, 8055 Zürich",4.0,104.0,2490.0
1763742863-1686,"Unterfeldstrasse 102, 8050 Zürich, 8050 Zürich",3.5,97.0,3750.0
1763742863-1687,"Unterfeldstrasse 102, 8050 Zürich, 8050 Zürich",1.5,55.0,2590.0
1763742863-1688,"Anna-Heer-Strasse 14, 8057 Zürich",2.5,66.0,3090.0
1763742863-1689,"Künzlistrasse 5, 8057 Zürich",2.5,43.0,2430.0
1763742863-1690,"Limmatquai 84, 8001 Zürich",2.5,94.0,5790.0
1763742863-1691,"Kornhausstrasse 11, 8037 Zürich",2.5,60.0,2490.0
1763742863-1692,"Schaffhauserstrasse 5, 8006 Zürich",5.0,121.0,4450.0
1763742863-1693,"Bombachsteig 11, 8049 Zürich",2.0,48.0,1940.0
1763742863-1694,"Engelstrasse 62 - Loft, 8004 Zürich",2.5,77.0,4090.0
1763742863-1695,"Am Oeschbrig 23, 8053 Zürich",4.0,90.0,1690.0
1763742863-1696,"Am Oeschbrig 23, 8053 Zürich",4.0,90.0,1390.0
1763742863-1697,"Am Oeschbrig 23, 8053 Zürich",4.0,100.0,1390.0
1763742863-1698,"Künzlistrasse 5, 8057 Zürich",2.5,43.0,2470.0
1763742866-1719,8057 Zürich,1.0,15.0,1090.0
1763742866-1720,"Auhofstrasse, 8051 Zürich",1.0,16.0,1290.0
1763742866-1721,"Goldauerstrasse 57, 8006 Zürich",2.0,42.0,2050.0
1763742866-1722,"Hofackerstrasse 5, 8032 Zürich",3.5,81.0,2480.0
1763742866-1723,"Roswiesenstrasse 183, 8051 Zürich",3.0,76.0,2289.0
1763742866-1724,"Turnerstrasse 2, 8006 Zürich",4.0,,
1763742866-1725,8037 Zürich,7.0,,5750.0
1763742866-1726,"Augustinergasse 36, 8001 Zürich",2.5,71.0,4450.0
1763742866-1727,"Weststrasse 175, 8003 Zürich",3.5,,3340.0
1763742866-1728,"Minervastrasse 120, 8032 Zürich",4.5,120.0,2995.0
1763742866-1729,"Wehntalerstrasse 574, 8046 Zürich",3.5,76.0,2694.0
1763742866-1730,"Hardgutstrasse 20, 8048 Zürich",4.5,89.0,3230.0
1763742866-1732,"Spiserstrasse 10, 8047 Zürich",2.5,77.0,4270.0
1763742866-1733,"Seestrasse 307, 8038 Zürich",3.0,85.0,2735.0
1763742866-1734,8048 Zürich,4.5,109.0,1200.0
1763742866-1735,"Eugen Huber-Strasse 65b, 8048 Zürich",1.0,50.0,1540.0
1763742866-1737,"Seestrasse 4, 8002 Zürich",3.0,92.0,3906.0
1763742866-1738,"Hügelstrasse 13, 8002 Zürich",2.5,,2350.0
1763742869-1759,"Kirchenfeld, 8052 Zürich",1.0,31.0,1680.0
1763742869-1760,"Schwandenholzstrasse, 8046 Zürich",1.0,16.0,1190.0
1763742869-1761,"Langfurren, 8057 Zürich",1.0,16.0,1310.0
1763742869-1762,"Hegibachstrasse, 8032 Zurich",1.0,14.0,1310.0
1763742869-1763,"Bockhornstrasse, 8047 Zürich",1.0,14.0,1190.0
1763742869-1764,"Im Hagenbrünneli, 8046 Zürich",1.0,16.0,1120.0
1763742869-1765,"Steinstrasse, 8003 Zürich",1.0,12.0,1290.0
1763742869-1766,"Birchstrasse, 8052 Zürich",1.0,11.0,1190.0
1763742869-1767,"Auhofstrasse, 8051 Zürich",1.0,14.0,1050.0
1763742869-1768,"Manessestrasse, 8045 Zurich",1.0,10.0,1290.0
1763742869-1769,"Leutschenbachstrasse 46, 8050 Zürich",2.5,,2750.0
1763742869-1770,"Russenweg 6a, 8008 Zürich",2.5,53.0,2822.0
1763742869-1771,"Naglerwiesenstrasse 42, 8049 Zürich",3.5,91.0,2205.0
1763742869-1772,"Veilchenstrasse 20, 8032 Zürich",2.0,,2150.0
1763742869-1773,"Wannerstrasse, 8045 Zürich",1.0,15.0,1290.0
1763742869-1774,"Wannerstrasse, 8045 Zürich",1.0,16.0,1290.0
1763742869-1775,"Brandschenkestrasse, 8002 Zürich",1.0,,1440.0
1763742869-1776,"Bernerstrasse Nord, 8064 Zürich",1.0,15.0,1090.0
1763742869-1777,"Stiglenstrasse, 8052 Zürich",1.0,19.0,1300.0
1763742872-1799,"Neudorfstrasse 17, 8050 Zürich",3.5,100.0,3985.0
1763742872-1800,"Neudorfstrasse 17, 8050 Zürich",1.5,64.0,2660.0
1763742872-1801,"Neudorfstrasse 11, 8050 Zürich",2.5,74.0,3010.0
1763742872-1802,"Neudorfstrasse 15, 8050 Zürich",3.5,78.0,3590.0
1763742872-1803,"Konradstrasse 21, 8005 Zürich",5.0,130.0,1588.0
1763742872-1804,"Töpferstrasse 32, 8045 Zürich",2.5,55.0,1790.0
1763742872-1805,"Birmensdorferstrasse 398, 8055 Zürich",1.0,30.0,1272.0
1763742872-1806,"Hohlstrasse 212, 8004 Zürich",5.0,180.0,7200.0
1763742872-1807,"Stampfenbrunnenstrasse 34, 8048 Zürich",2.5,55.0,1900.0
1763742872-1808,"Furttalstrasse 56, 8046 Zürich",3.5,,2990.0
1763742872-1809,8003 Zürich,2.5,50.0,2400.0
1763742872-1810,"8001, 8001 Zürich",3.5,120.0,3700.0
1763742872-1812,"Wehntalerstrasse 13, 8057 Zürich",1.5,35.0,1390.0
1763742872-1813,"Wehntalerstrasse 116, 8057 zürich",2.0,53.0,2190.0
1763742872-1814,8004 Zürich,4.5,101.0,3340.0
1763742872-1815,"Nussbaumstrasse, 8003 Zürich",2.5,83.0,3450.0
1763742872-1816,"Mainaustrasse 13, 8008 Zürich",5.0,147.0,5461.0
1763742872-1817,"Wartauweg 19, 8049 Zürich",2.5,55.0,2450.0
1763742872-1818,"Riedenhaldenstrasse 110, 8046 Zürich, 8046 Zürich",3.5,91.0,2810.0
1763742875-1839,"Lägernstrasse 22, 8037 Zürich",1.0,26.0,1500.0
1763742875-1841,8050 Zürich,2.5,68.0,3360.0
1763742875-1842,"Sustenweg 4, 8047 Zürich",2.5,52.0,2730.0
1763742875-1843,"Sustenweg 4, 8047 Zürich",2.0,46.0,2430.0
1763742875-1844,"Fuchsiastr. 13, 8048 Zürich",4.5,101.0,2110.0
1763742875-1849,"Berghaldenstr. 52a-e, 8053 Zürich",7.5,191.0,5980.0
1763742875-1850,"Manessestr. 101, 8045 Zürich",2.0,58.0,1400.0
1763742875-1851,"Hufgasse 19, 8008 Zürich",3.5,83.0,3650.0
1763742875-1852,"Luegislandstr. 56, 8051 Zürich",3.0,65.0,2010.0
1763742875-1853,"Hohlstr. 509, 8048 Zürich",4.5,113.0,3775.0
1763742875-1854,"Letzigraben 116, 8047 Zürich",1.5,49.0,2315.0
1763742875-1855,8004 Zürich,2.5,54.0,2080.0
1763742875-1856,"Hofstrasse 129, 8044 Zürich",4.5,141.0,7500.0
1763742875-1857,"Schöntalstrasse 16, 8004 Zürich",4.0,90.0,3940.0
1763742875-1858,"Pflanzschulstrasse 31, 8004 Zürich",3.0,77.0,2450.0
1763742878-1879,"Weststrasse 47, 8003 Zürich",3.5,70.0,3360.0
1763742878-1880,"Maneggplatz 4, 8041 Zürich",2.5,62.0,2460.0
1763742878-1881,"Feldeggstrasse 43, 8008 Zürich",3.5,,4350.0
1763742878-1882,"Kasernenstrasse 77 A, 8004 Zürich",3.5,106.0,3885.0
1763742878-1883,"Hambergersteig 2, 8008 Zürich",4.0,88.0,1980.0
1763742878-1884,"Engadinerweg 1, 8049 Zürich",4.0,84.0,1899.0
1763742878-1885,"Saumackerstrasse 66, 8048 Zürich",4.0,1.0,2327.0
1763742878-1886,"Leutschenbachstrasse 50/50a, 8050 Zürich",2.5,62.0,2127.0
1763742878-1887,"Feldstrasse 46, 8004 Zürich",1.5,22.0,1870.0
1763742878-1888,"Hohlstrasse 104, 8004 Zürich",2.5,43.0,2686.0
1763742878-1889,"Ottikerstrasse 38, 8006 Zürich",2.5,72.0,2775.0
1763742878-1890,"Rötelstrasse 109, 8037 Zürich",3.5,100.0,3980.0
1763742878-1891,"Werdgässchen 25, 8004 Zürich",2.0,36.0,2350.0
1763742878-1892,"Gartenstrasse, 8002 Zürich",1.5,45.0,3045.0
1763742878-1893,"Maneggplatz 4, 8041 Zürich",1.5,39.0,1680.0
1763742878-1894,"Englischviertelstrasse 22, 8032 Zürich",1.0,25.0,1097.0
1763742878-1895,"Kinkelstrasse 26, 8006 Zürich",3.0,79.0,2854.0
1763742878-1897,"Letzigraben 69, 8003 Zürich",2.0,,1823.0
1763742878-1898,"Stolzestrasse 3, 8006 Zürich",3.0,86.0,3090.0
1763742881-1919,"Zentralstrasse 53, 8003 Zürich",1.0,16.0,1320.0
1763742881-1920,"Wasserschöpfi 24, 8055 Zürich",2.5,64.0,2575.0
1763742881-1921,"Götzstrasse 21, 8006 Zürich",2.5,68.0,3285.0
1763742881-1922,"Baslerstrasse 149, 8048 Zürich",4.5,102.0,4943.0
1763742881-1923,"Winterthurerstrasse 83, 8006 Zürich",2.5,69.0,3197.0
1763742881-1924,"Winterthurerstrasse 83, 8006 Zürich",4.5,115.0,4861.0
1763742881-1925,"Seefeldstrasse 45, 8008 Zürich",2.0,50.0,2885.0
1763742881-1926,"Kernstrasse 31, 8004 Zürich",3.0,75.0,1879.0
1763742881-1927,"Mühlegasse 5, 8001 Zürich",3.5,89.0,3910.0
1763742881-1928,"Winzerstrasse 5, 8049 Zürich",2.5,90.0,3635.0
1763742881-1934,"Margrit-Rainer-Strasse 11B, 8050 Zürich",3.5,90.0,2700.0
1763742881-1935,"Olivengasse 7, 8032 Zürich",4.5,100.0,4650.0
1763742881-1936,"Olivengasse 7, 8032 Zürich",4.5,100.0,4690.0
1763742881-1937,"Olivengasse 7, 8032 Zürich",1.5,82.0,3830.0
1763742881-1938,"Limmattalstrasse 262, 8049 Zürich",3.5,91.0,3870.0
